{
    "channel_min": [
        1000.0,
        3.3993634730028477e-12,
        3.3993634730028477e-12
    ],
    "channel_max": [
        10000.0,
        0.8959276080131531,
        0.8959276080131531
    ]
}