{
    "channel_min": [
        100.0,
        2.1418748489818493e-15,
        2.1418748489818493e-15
    ],
    "channel_max": [
        15000.0,
        0.9956901262849367,
        0.9956901262849367
    ]
}