{
    "channel_min": [
        300.0,
        -1186907520.0,
        0.0,
        -1995.001220703125,
        -5521.55029296875
    ],
    "channel_max": [
        5000.0,
        69721219072.0,
        1.0,
        7184.00732421875,
        5215.69482421875
    ]
}