{
    "channel_min": [
        -255955.37392170238,
        15.0,
        -2.757973022522283,
        -2.673700584310052
    ],
    "channel_max": [
        109451.57268441282,
        10000.0,
        4.036231420588235,
        2.5842768709241444
    ]
}